employee_id,department,job_role,location,gender,age,hire_date,employment_status,attrition,performance_rating,attendance_pct,monthly_salary,overtime_hours,training_hours,engagement_score
EMP-1001,Technology,Data Analyst,Bengaluru,Female,29,2021-06-14,Active,No,4.4,96.4,78000,12,28,8.2
EMP-1002,Sales,Sales Executive,Mumbai,Male,34,2019-03-22,Active,No,3.8,94.1,65000,22,18,7.1
EMP-1003,Human Resources,HR Specialist,Delhi,Female,31,2020-08-08,Active,No,4.1,97.3,72000,6,34,8.6
EMP-1004,Finance,Financial Analyst,Bengaluru,Male,27,2022-01-17,Terminated,Yes,3.2,89.6,69000,18,12,5.8
EMP-1005,Operations,Operations Manager,Pune,Female,39,2017-09-04,Active,No,4.5,97.8,98000,14,42,8.8
EMP-1006,Technology,Software Engineer,Hyderabad,Male,26,2022-06-11,Active,No,4.0,95.5,85000,16,31,7.9
EMP-1007,Sales,Account Manager,Delhi,Female,30,2020-04-15,Terminated,Yes,3.1,90.2,71000,25,16,5.9
EMP-1008,Marketing,Content Strategist,Mumbai,Female,28,2021-11-09,Active,No,4.2,96.8,68000,9,26,8.3
EMP-1009,Operations,Supply Chain Analyst,Pune,Male,32,2018-07-19,Active,No,3.9,93.7,74000,19,22,7.0
EMP-1010,Finance,Accountant,Delhi,Female,36,2016-02-27,Active,No,4.3,98.1,82000,5,38,8.7
EMP-1011,Technology,Product Manager,Bengaluru,Female,35,2018-10-12,Active,No,4.6,97.0,125000,11,45,9.0
EMP-1012,Sales,Sales Executive,Hyderabad,Male,24,2023-02-01,Terminated,Yes,2.9,88.9,54000,28,10,5.2
EMP-1013,Human Resources,Recruiter,Pune,Male,29,2021-05-23,Active,No,3.7,95.9,61000,8,29,7.6
EMP-1014,Marketing,Marketing Manager,Bengaluru,Female,38,2017-04-30,Active,No,4.4,96.7,110000,10,40,8.9
EMP-1015,Operations,Quality Analyst,Mumbai,Male,27,2022-08-18,Active,No,3.6,92.8,58000,21,20,6.8
EMP-1016,Technology,UX Designer,Delhi,Female,30,2020-01-09,Active,No,4.1,95.2,88000,13,33,8.1
EMP-1017,Finance,Financial Analyst,Hyderabad,Male,33,2019-11-26,Terminated,Yes,3.0,91.1,76000,20,15,5.7
EMP-1018,Sales,Account Manager,Mumbai,Female,31,2019-06-17,Active,No,4.0,94.9,79000,17,24,7.5
EMP-1019,Human Resources,HR Manager,Bengaluru,Female,42,2015-03-08,Active,No,4.5,98.4,118000,4,48,9.1
EMP-1020,Marketing,SEO Analyst,Pune,Male,25,2022-04-02,Active,No,3.8,93.5,56000,15,19,7.2
EMP-1021,Technology,Data Analyst,Bengaluru,Female,27,2021-06-14,Terminated,Yes,4.2,94.4,78000,12,28,7.8
EMP-1022,Sales,Sales Executive,Mumbai,Male,33,2019-03-22,Active,No,3.7,92.9,67500,22,18,6.9
EMP-1023,Human Resources,HR Specialist,Delhi,Female,31,2020-08-08,Active,No,4.2,96.9,77000,6,34,8.6
EMP-1024,Finance,Financial Analyst,Bengaluru,Male,28,2022-01-17,Active,No,3.4,90.0,76500,18,12,6.0
EMP-1025,Operations,Operations Manager,Pune,Female,41,2017-09-04,Active,No,4.3,99.0,108000,14,42,9.2
EMP-1026,Technology,Software Engineer,Hyderabad,Male,24,2022-06-11,Active,No,3.9,97.5,97500,16,31,7.5
EMP-1027,Sales,Account Manager,Delhi,Female,29,2020-04-15,Active,No,3.2,88.2,86000,25,16,5.7
EMP-1028,Marketing,Content Strategist,Mumbai,Female,28,2021-11-09,Active,No,4.4,95.6,68000,9,26,8.3
EMP-1029,Operations,Supply Chain Analyst,Pune,Male,33,2018-07-19,Active,No,3.7,93.3,76500,19,22,7.2
EMP-1030,Finance,Accountant,Delhi,Female,38,2016-02-27,Active,No,4.2,98.5,87000,5,38,9.1
EMP-1031,Technology,Product Manager,Bengaluru,Female,33,2018-10-12,Active,No,4.7,98.2,132500,11,45,8.6
EMP-1032,Sales,Sales Executive,Hyderabad,Male,23,2023-02-01,Terminated,Yes,3.1,90.9,64000,28,10,5.0
EMP-1033,Human Resources,Recruiter,Pune,Male,29,2021-05-23,Active,No,3.5,93.9,73500,8,29,7.6
EMP-1034,Marketing,Marketing Manager,Bengaluru,Female,39,2017-04-30,Active,No,4.3,95.5,125000,10,40,9.1
EMP-1035,Operations,Quality Analyst,Mumbai,Male,29,2022-08-18,Active,No,3.7,92.4,58000,21,20,7.2
EMP-1036,Technology,UX Designer,Delhi,Female,28,2020-01-09,Active,No,4.3,95.6,90500,13,33,7.7
EMP-1037,Finance,Financial Analyst,Hyderabad,Male,32,2019-11-26,Active,No,2.8,92.3,81000,20,15,5.5
EMP-1038,Sales,Account Manager,Mumbai,Female,31,2019-06-17,Active,No,3.9,96.9,86500,17,24,7.5
EMP-1039,Human Resources,HR Manager,Bengaluru,Female,43,2015-03-08,Active,No,4.6,96.4,128000,4,48,9.3
EMP-1040,Marketing,SEO Analyst,Pune,Male,27,2022-04-02,Active,No,4.0,92.3,68500,15,19,7.6
EMP-1041,Technology,Data Analyst,Bengaluru,Female,27,2021-06-14,Active,No,4.2,96.0,93000,12,28,7.8
EMP-1042,Sales,Sales Executive,Mumbai,Male,33,2019-03-22,Active,No,3.7,94.5,65000,22,18,6.9
EMP-1043,Human Resources,HR Specialist,Delhi,Female,31,2020-08-08,Terminated,Yes,4.2,98.5,74500,6,34,8.6
EMP-1044,Finance,Financial Analyst,Bengaluru,Male,28,2022-01-17,Active,No,3.4,91.6,74000,18,12,6.0
EMP-1045,Operations,Operations Manager,Pune,Female,41,2017-09-04,Active,No,4.3,95.8,105500,14,42,9.2
EMP-1046,Technology,Software Engineer,Hyderabad,Male,24,2022-06-11,Active,No,3.9,94.3,95000,16,31,7.5
EMP-1047,Sales,Account Manager,Delhi,Female,29,2020-04-15,Active,No,3.2,89.8,83500,25,16,5.7
EMP-1048,Marketing,Content Strategist,Mumbai,Female,28,2021-11-09,Active,No,4.4,97.2,83000,9,26,8.3
EMP-1049,Operations,Supply Chain Analyst,Pune,Male,33,2018-07-19,Active,No,3.7,94.9,74000,19,22,7.2
EMP-1050,Finance,Accountant,Delhi,Female,38,2016-02-27,Active,No,4.2,99.5,84500,5,38,9.1
EMP-1051,Technology,Product Manager,Bengaluru,Female,33,2018-10-12,Active,No,4.7,95.0,130000,11,45,8.6
EMP-1052,Sales,Sales Executive,Hyderabad,Male,23,2023-02-01,Active,No,3.1,87.7,61500,28,10,5.0
EMP-1053,Human Resources,Recruiter,Pune,Male,29,2021-05-23,Active,No,3.5,95.5,71000,8,29,7.6
EMP-1054,Marketing,Marketing Manager,Bengaluru,Female,39,2017-04-30,Terminated,Yes,4.3,97.1,122500,10,40,9.1
EMP-1055,Operations,Quality Analyst,Mumbai,Male,29,2022-08-18,Active,No,3.7,94.0,73000,21,20,7.2
EMP-1056,Technology,UX Designer,Delhi,Female,28,2020-01-09,Active,No,4.3,97.2,88000,13,33,7.7
EMP-1057,Finance,Financial Analyst,Hyderabad,Male,32,2019-11-26,Active,No,2.8,89.1,78500,20,15,5.5
EMP-1058,Sales,Account Manager,Mumbai,Female,31,2019-06-17,Active,No,3.9,93.7,84000,17,24,7.5
EMP-1059,Human Resources,HR Manager,Bengaluru,Female,43,2015-03-08,Active,No,4.6,98.0,125500,4,48,9.3
EMP-1060,Marketing,SEO Analyst,Pune,Male,27,2022-04-02,Active,No,4.0,93.9,66000,15,19,7.6
